total_bill,Tip,Gender,Smoker,Day of the week,Time,Size of party,price_per_person
16.99,1.01,Female,No,Sun,Dinner,2,8.49
10.34,1.66,Male,No,Sun,Dinner,3,3.45
21.01,3.5,Male,No,Sun,Dinner,3,7.0
23.68,3.31,Male,No,Sun,Dinner,2,11.84
24.59,3.61,Female,No,Sun,Dinner,4,6.15
25.29,4.71,Male,No,Sun,Dinner,4,6.32
8.77,2.0,Male,No,Sun,Dinner,2,4.38
26.88,3.12,Male,No,Sun,Dinner,4,6.72
15.04,1.96,Male,No,Sun,Dinner,2,7.52
14.78,3.23,Male,No,Sun,Dinner,2,7.39
10.27,1.71,Male,No,Sun,Dinner,2,5.14
35.26,5.0,Female,No,Sun,Dinner,4,8.82
15.42,1.57,Male,No,Sun,Dinner,2,7.71
18.43,3.0,Male,No,Sun,Dinner,4,4.61
14.83,3.02,Female,No,Sun,Dinner,2,7.42
21.58,3.92,Male,No,Sun,Dinner,2,10.79
10.33,1.67,Female,No,Sun,Dinner,3,3.44
16.29,3.71,Male,No,Sun,Dinner,3,5.43
16.97,3.5,Female,No,Sun,Dinner,3,5.66
20.65,3.35,Male,No,Sat,Dinner,3,6.88
17.92,4.08,Male,No,Sat,Dinner,2,8.96
20.29,2.75,Female,No,Sat,Dinner,2,10.14
15.77,2.23,Female,No,Sat,Dinner,2,7.88
39.42,7.58,Male,No,Sat,Dinner,4,9.86
19.82,3.18,Male,No,Sat,Dinner,2,9.91
17.81,2.34,Male,No,Sat,Dinner,4,4.45
13.37,2.0,Male,No,Sat,Dinner,2,6.68
12.69,2.0,Male,No,Sat,Dinner,2,6.34
21.7,4.3,Male,No,Sat,Dinner,2,10.85
19.65,3.0,Female,No,Sat,Dinner,2,9.82
9.55,1.45,Male,No,Sat,Dinner,2,4.78
18.35,2.5,Male,No,Sat,Dinner,4,4.59
15.06,3.0,Female,No,Sat,Dinner,2,7.53
20.69,2.45,Female,No,Sat,Dinner,4,5.17
17.78,3.27,Male,No,Sat,Dinner,2,8.89
24.06,3.6,Male,No,Sat,Dinner,3,8.02
16.31,2.0,Male,No,Sat,Dinner,3,5.44
16.93,3.07,Female,No,Sat,Dinner,3,5.64
18.69,2.31,Male,No,Sat,Dinner,3,6.23
31.27,5.0,Male,No,Sat,Dinner,3,10.42
16.04,2.24,Male,No,Sat,Dinner,3,5.35
17.46,2.54,Male,No,Sun,Dinner,2,8.73
13.94,3.06,Male,No,Sun,Dinner,2,6.97
9.68,1.32,Male,No,Sun,Dinner,2,4.84
30.4,5.6,Male,No,Sun,Dinner,4,7.6
18.29,3.0,Male,No,Sun,Dinner,2,9.14
22.23,5.0,Male,No,Sun,Dinner,2,11.12
32.4,6.0,Male,No,Sun,Dinner,4,8.1
28.55,2.05,Male,No,Sun,Dinner,3,9.52
18.04,3.0,Male,No,Sun,Dinner,2,9.02
12.54,2.5,Male,No,Sun,Dinner,2,6.27
10.29,2.6,Female,No,Sun,Dinner,2,5.14
34.81,5.2,Female,No,Sun,Dinner,4,8.7
9.94,1.56,Male,No,Sun,Dinner,2,4.97
25.56,4.34,Male,No,Sun,Dinner,4,6.39
19.49,3.51,Male,No,Sun,Dinner,2,9.74
38.01,3.0,Male,Yes,Sat,Dinner,4,9.5
26.41,1.5,Female,No,Sat,Dinner,2,13.2
11.24,1.76,Male,Yes,Sat,Dinner,2,5.62
48.27,6.73,Male,No,Sat,Dinner,4,12.07
20.29,3.21,Male,Yes,Sat,Dinner,2,10.14
13.81,2.0,Male,Yes,Sat,Dinner,2,6.9
11.02,1.98,Male,Yes,Sat,Dinner,2,5.51
18.29,3.76,Male,Yes,Sat,Dinner,4,4.57
17.59,2.64,Male,No,Sat,Dinner,3,5.86
20.08,3.15,Male,No,Sat,Dinner,3,6.69
16.45,2.47,Female,No,Sat,Dinner,2,8.22
3.07,1.0,Female,Yes,Sat,Dinner,1,3.07
20.23,2.01,Male,No,Sat,Dinner,2,10.12
15.01,2.09,Male,Yes,Sat,Dinner,2,7.5
12.02,1.97,Male,No,Sat,Dinner,2,6.01
17.07,3.0,Female,No,Sat,Dinner,3,5.69
26.86,3.14,Female,Yes,Sat,Dinner,2,13.43
25.28,5.0,Female,Yes,Sat,Dinner,2,12.64
14.73,2.2,Female,No,Sat,Dinner,2,7.36
10.51,1.25,Male,No,Sat,Dinner,2,5.26
17.92,3.08,Male,Yes,Sat,Dinner,2,8.96
27.2,4.0,Male,No,Thur,Lunch,4,6.8
22.76,3.0,Male,No,Thur,Lunch,2,11.38
17.29,2.71,Male,No,Thur,Lunch,2,8.64
19.44,3.0,Male,Yes,Thur,Lunch,2,9.72
16.66,3.4,Male,No,Thur,Lunch,2,8.33
10.07,1.83,Female,No,Thur,Lunch,1,10.07
32.68,5.0,Male,Yes,Thur,Lunch,2,16.34
15.98,2.03,Male,No,Thur,Lunch,2,7.99
34.83,5.17,Female,No,Thur,Lunch,4,8.71
13.03,2.0,Male,No,Thur,Lunch,2,6.52
18.28,4.0,Male,No,Thur,Lunch,2,9.14
24.71,5.85,Male,No,Thur,Lunch,2,12.36
21.16,3.0,Male,No,Thur,Lunch,2,10.58
28.97,3.0,Male,Yes,Fri,Dinner,2,14.48
22.49,3.5,Male,No,Fri,Dinner,2,11.24
5.75,1.0,Female,Yes,Fri,Dinner,2,2.88
16.32,4.3,Female,Yes,Fri,Dinner,2,8.16
22.75,3.25,Female,No,Fri,Dinner,2,11.38
40.17,4.73,Male,Yes,Fri,Dinner,4,10.04
27.28,4.0,Male,Yes,Fri,Dinner,2,13.64
12.03,1.5,Male,Yes,Fri,Dinner,2,6.02
21.01,3.0,Male,Yes,Fri,Dinner,2,10.5
12.46,1.5,Male,No,Fri,Dinner,2,6.23
11.35,2.5,Female,Yes,Fri,Dinner,2,5.68
15.38,3.0,Female,Yes,Fri,Dinner,2,7.69
44.3,2.5,Female,Yes,Sat,Dinner,3,14.77
22.42,3.48,Female,Yes,Sat,Dinner,2,11.21
20.92,4.08,Female,No,Sat,Dinner,2,10.46
15.36,1.64,Male,Yes,Sat,Dinner,2,7.68
20.49,4.06,Male,Yes,Sat,Dinner,2,10.24
25.21,4.29,Male,Yes,Sat,Dinner,2,12.6
18.24,3.76,Male,No,Sat,Dinner,2,9.12
14.31,4.0,Female,Yes,Sat,Dinner,2,7.16
14.0,3.0,Male,No,Sat,Dinner,2,7.0
7.25,1.0,Female,No,Sat,Dinner,1,7.25
38.07,4.0,Male,No,Sun,Dinner,3,12.69
23.95,2.55,Male,No,Sun,Dinner,2,11.98
25.71,4.0,Female,No,Sun,Dinner,3,8.57
17.31,3.5,Female,No,Sun,Dinner,2,8.65
29.93,5.07,Male,No,Sun,Dinner,4,7.48
10.65,1.5,Female,No,Thur,Lunch,2,5.32
12.43,1.8,Female,No,Thur,Lunch,2,6.22
24.08,2.92,Female,No,Thur,Lunch,4,6.02
11.69,2.31,Male,No,Thur,Lunch,2,5.84
13.42,1.68,Female,No,Thur,Lunch,2,6.71
14.26,2.5,Male,No,Thur,Lunch,2,7.13
15.95,2.0,Male,No,Thur,Lunch,2,7.98
12.48,2.52,Female,No,Thur,Lunch,2,6.24
29.8,4.2,Female,No,Thur,Lunch,6,4.97
8.52,1.48,Male,No,Thur,Lunch,2,4.26
14.52,2.0,Female,No,Thur,Lunch,2,7.26
11.38,2.0,Female,No,Thur,Lunch,2,5.69
22.82,2.18,Male,No,Thur,Lunch,3,7.61
19.08,1.5,Male,No,Thur,Lunch,2,9.54
20.27,2.83,Female,No,Thur,Lunch,2,10.14
11.17,1.5,Female,No,Thur,Lunch,2,5.58
12.26,2.0,Female,No,Thur,Lunch,2,6.13
18.26,3.25,Female,No,Thur,Lunch,2,9.13
8.51,1.25,Female,No,Thur,Lunch,2,4.26
10.33,2.0,Female,No,Thur,Lunch,2,5.16
14.15,2.0,Female,No,Thur,Lunch,2,7.08
16.0,2.0,Male,Yes,Thur,Lunch,2,8.0
13.16,2.75,Female,No,Thur,Lunch,2,6.58
17.47,3.5,Female,No,Thur,Lunch,2,8.74
34.3,6.7,Male,No,Thur,Lunch,6,5.72
41.19,5.0,Male,No,Thur,Lunch,5,8.24
27.05,5.0,Female,No,Thur,Lunch,6,4.51
16.43,2.3,Female,No,Thur,Lunch,2,8.22
8.35,1.5,Female,No,Thur,Lunch,2,4.18
18.64,1.36,Female,No,Thur,Lunch,3,6.21
11.87,1.63,Female,No,Thur,Lunch,2,5.94
9.78,1.73,Male,No,Thur,Lunch,2,4.89
7.51,2.0,Male,No,Thur,Lunch,2,3.76
14.07,2.5,Male,No,Sun,Dinner,2,7.04
13.13,2.0,Male,No,Sun,Dinner,2,6.56
17.26,2.74,Male,No,Sun,Dinner,3,5.75
24.55,2.0,Male,No,Sun,Dinner,4,6.14
19.77,2.0,Male,No,Sun,Dinner,4,4.94
29.85,5.14,Female,No,Sun,Dinner,5,5.97
48.17,5.0,Male,No,Sun,Dinner,6,8.03
25.0,3.75,Female,No,Sun,Dinner,4,6.25
13.39,2.61,Female,No,Sun,Dinner,2,6.7
16.49,2.0,Male,No,Sun,Dinner,4,4.12
21.5,3.5,Male,No,Sun,Dinner,4,5.38
12.66,2.5,Male,No,Sun,Dinner,2,6.33
16.21,2.0,Female,No,Sun,Dinner,3,5.4
13.81,2.0,Male,No,Sun,Dinner,2,6.9
17.51,3.0,Female,Yes,Sun,Dinner,2,8.76
24.52,3.48,Male,No,Sun,Dinner,3,8.17
20.76,2.24,Male,No,Sun,Dinner,2,10.38
31.71,4.5,Male,No,Sun,Dinner,4,7.93
10.59,1.61,Female,Yes,Sat,Dinner,2,5.3
10.63,2.0,Female,Yes,Sat,Dinner,2,5.32
50.81,10.0,Male,Yes,Sat,Dinner,3,16.94
15.81,3.16,Male,Yes,Sat,Dinner,2,7.9
7.25,5.15,Male,Yes,Sun,Dinner,2,3.62
31.85,3.18,Male,Yes,Sun,Dinner,2,15.92
16.82,4.0,Male,Yes,Sun,Dinner,2,8.41
32.9,3.11,Male,Yes,Sun,Dinner,2,16.45
17.89,2.0,Male,Yes,Sun,Dinner,2,8.94
14.48,2.0,Male,Yes,Sun,Dinner,2,7.24
9.6,4.0,Female,Yes,Sun,Dinner,2,4.8
34.63,3.55,Male,Yes,Sun,Dinner,2,17.32
34.65,3.68,Male,Yes,Sun,Dinner,4,8.66
23.33,5.65,Male,Yes,Sun,Dinner,2,11.66
45.35,3.5,Male,Yes,Sun,Dinner,3,15.12
23.17,6.5,Male,Yes,Sun,Dinner,4,5.79
40.55,3.0,Male,Yes,Sun,Dinner,2,20.27
20.69,5.0,Male,No,Sun,Dinner,5,4.14
20.9,3.5,Female,Yes,Sun,Dinner,3,6.97
30.46,2.0,Male,Yes,Sun,Dinner,5,6.09
18.15,3.5,Female,Yes,Sun,Dinner,3,6.05
23.1,4.0,Male,Yes,Sun,Dinner,3,7.7
15.69,1.5,Male,Yes,Sun,Dinner,2,7.84
19.81,4.19,Female,Yes,Thur,Lunch,2,9.9
28.44,2.56,Male,Yes,Thur,Lunch,2,14.22
15.48,2.02,Male,Yes,Thur,Lunch,2,7.74
16.58,4.0,Male,Yes,Thur,Lunch,2,8.29
7.56,1.44,Male,No,Thur,Lunch,2,3.78
10.34,2.0,Male,Yes,Thur,Lunch,2,5.17
43.11,5.0,Female,Yes,Thur,Lunch,4,10.78
13.0,2.0,Female,Yes,Thur,Lunch,2,6.5
13.51,2.0,Male,Yes,Thur,Lunch,2,6.76
18.71,4.0,Male,Yes,Thur,Lunch,3,6.24
12.74,2.01,Female,Yes,Thur,Lunch,2,6.37
13.0,2.0,Female,Yes,Thur,Lunch,2,6.5
16.4,2.5,Female,Yes,Thur,Lunch,2,8.2
20.53,4.0,Male,Yes,Thur,Lunch,4,5.13
16.47,3.23,Female,Yes,Thur,Lunch,3,5.49
26.59,3.41,Male,Yes,Sat,Dinner,3,8.86
38.73,3.0,Male,Yes,Sat,Dinner,4,9.68
24.27,2.03,Male,Yes,Sat,Dinner,2,12.14
12.76,2.23,Female,Yes,Sat,Dinner,2,6.38
30.06,2.0,Male,Yes,Sat,Dinner,3,10.02
25.89,5.16,Male,Yes,Sat,Dinner,4,6.47
48.33,9.0,Male,No,Sat,Dinner,4,12.08
13.27,2.5,Female,Yes,Sat,Dinner,2,6.64
28.17,6.5,Female,Yes,Sat,Dinner,3,9.39
12.9,1.1,Female,Yes,Sat,Dinner,2,6.45
28.15,3.0,Male,Yes,Sat,Dinner,5,5.63
11.59,1.5,Male,Yes,Sat,Dinner,2,5.8
7.74,1.44,Male,Yes,Sat,Dinner,2,3.87
30.14,3.09,Female,Yes,Sat,Dinner,4,7.54
12.16,2.2,Male,Yes,Fri,Lunch,2,6.08
13.42,3.48,Female,Yes,Fri,Lunch,2,6.71
8.58,1.92,Male,Yes,Fri,Lunch,1,8.58
15.98,3.0,Female,No,Fri,Lunch,3,5.33
13.42,1.58,Male,Yes,Fri,Lunch,2,6.71
16.27,2.5,Female,Yes,Fri,Lunch,2,8.14
10.09,2.0,Female,Yes,Fri,Lunch,2,5.04
20.45,3.0,Male,No,Sat,Dinner,4,5.11
13.28,2.72,Male,No,Sat,Dinner,2,6.64
22.12,2.88,Female,Yes,Sat,Dinner,2,11.06
24.01,2.0,Male,Yes,Sat,Dinner,4,6.0
15.69,3.0,Male,Yes,Sat,Dinner,3,5.23
11.61,3.39,Male,No,Sat,Dinner,2,5.8
10.77,1.47,Male,No,Sat,Dinner,2,5.38
15.53,3.0,Male,Yes,Sat,Dinner,2,7.76
10.07,1.25,Male,No,Sat,Dinner,2,5.04
12.6,1.0,Male,Yes,Sat,Dinner,2,6.3
32.83,1.17,Male,Yes,Sat,Dinner,2,16.42
35.83,4.67,Female,No,Sat,Dinner,3,11.94
29.03,5.92,Male,No,Sat,Dinner,3,9.68
27.18,2.0,Female,Yes,Sat,Dinner,2,13.59
22.67,2.0,Male,Yes,Sat,Dinner,2,11.34
17.82,1.75,Male,No,Sat,Dinner,2,8.91
18.78,3.0,Female,No,Thur,Dinner,2,9.39
