total_bill,Tip,Gender,Smoker,Day of the week,Time,Size of party,price_per_person,payer_name,CC NUmber,payment_ID
16.99,1.01,Female,No,Sun,Dinner,2,8.49,Christy Cunningham,3560325168603410,Sun2959
10.34,1.66,Male,No,Sun,Dinner,3,3.45,Douglas Tucker,4478071379779230,Sun4608
21.01,3.5,Male,No,Sun,Dinner,3,7.0,Travis Walters,6011812112971322,Sun4458
23.68,3.31,Male,No,Sun,Dinner,2,11.84,Nathaniel Harris,4676137647685994,Sun5260
24.59,3.61,Female,No,Sun,Dinner,4,6.15,Tonya Carter,4832732618637221,Sun2251
25.29,4.71,Male,No,Sun,Dinner,4,6.32,Erik Smith,213140353657882,Sun9679
8.77,2.0,Male,No,Sun,Dinner,2,4.38,Kristopher Johnson,2223727524230344,Sun5985
26.88,3.12,Male,No,Sun,Dinner,4,6.72,Robert Buck,3514785077705092,Sun8157
15.04,1.96,Male,No,Sun,Dinner,2,7.52,Joseph Mcdonald,3522866365840377,Sun6820
14.78,3.23,Male,No,Sun,Dinner,2,7.39,Jerome Abbott,3532124519049786,Sun3775
10.27,1.71,Male,No,Sun,Dinner,2,5.14,William Riley,566287581219,Sun2546
35.26,5.0,Female,No,Sun,Dinner,4,8.82,Diane Macias,4577817359320969,Sun6686
15.42,1.57,Male,No,Sun,Dinner,2,7.71,Chad Harrington,577040572932,Sun1300
18.43,3.0,Male,No,Sun,Dinner,4,4.61,Joshua Jones,6011163105616890,Sun2971
14.83,3.02,Female,No,Sun,Dinner,2,7.42,Vanessa Jones,30016702287574,Sun3848
21.58,3.92,Male,No,Sun,Dinner,2,10.79,Matthew Reilly,180073029785069,Sun1878
10.33,1.67,Female,No,Sun,Dinner,3,3.44,Elizabeth Foster,4240025044626033,Sun9715
16.29,3.71,Male,No,Sun,Dinner,3,5.43,John Pittman,6521340257218708,Sun2998
16.97,3.5,Female,No,Sun,Dinner,3,5.66,Laura Martinez,30422275171379,Sun2789
20.65,3.35,Male,No,Sat,Dinner,3,6.88,Timothy Oneal,6568069240986485,Sat9213
17.92,4.08,Male,No,Sat,Dinner,2,8.96,Thomas Rice,4403296224639756,Sat1709
20.29,2.75,Female,No,Sat,Dinner,2,10.14,Natalie Gardner,5448125351489749,Sat9618
15.77,2.23,Female,No,Sat,Dinner,2,7.88,Ashley Shelton,3524119516293213,Sat9786
39.42,7.58,Male,No,Sat,Dinner,4,9.86,Lance Peterson,3542584061609808,Sat239
19.82,3.18,Male,No,Sat,Dinner,2,9.91,Christopher Ross,36739148167928,Sat6236
17.81,2.34,Male,No,Sat,Dinner,4,4.45,Robert Perkins,30502930499388,Sat907
13.37,2.0,Male,No,Sat,Dinner,2,6.68,Kyle Avery,6531339539615499,Sat6651
12.69,2.0,Male,No,Sat,Dinner,2,6.34,Patrick Barber,30155551880343,Sat394
21.7,4.3,Male,No,Sat,Dinner,2,10.85,David Collier,5529694315416009,Sat3697
19.65,3.0,Female,No,Sat,Dinner,2,9.82,Melinda Murphy,5489272944576051,Sat2467
9.55,1.45,Male,No,Sat,Dinner,2,4.78,Grant Hall,30196517521548,Sat4099
18.35,2.5,Male,No,Sat,Dinner,4,4.59,Danny Santiago,630415546013,Sat4947
15.06,3.0,Female,No,Sat,Dinner,2,7.53,Amanda Wilson,213186304291560,Sat1327
20.69,2.45,Female,No,Sat,Dinner,4,5.17,Amber Francis,377742985258914,Sat6649
17.78,3.27,Male,No,Sat,Dinner,2,8.89,Jacob Castillo,3551492000704805,Sat8124
24.06,3.6,Male,No,Sat,Dinner,3,8.02,Joseph Mullins,5519770449260299,Sat632
16.31,2.0,Male,No,Sat,Dinner,3,5.44,William Ford,3527691170179398,Sat9139
16.93,3.07,Female,No,Sat,Dinner,3,5.64,Erin Lewis,5161695527390786,Sat6406
18.69,2.31,Male,No,Sat,Dinner,3,6.23,Brandon Bradley,4427601595688633,Sat4056
31.27,5.0,Male,No,Sat,Dinner,3,10.42,Mr. Brandon Berry,6011525851069856,Sat6373
16.04,2.24,Male,No,Sat,Dinner,3,5.35,Adam Edwards,3544447755679420,Sat8549
17.46,2.54,Male,No,Sun,Dinner,2,8.73,David Boyer,3536678244278149,Sun9460
13.94,3.06,Male,No,Sun,Dinner,2,6.97,Bryan Brown,36231182760859,Sun1699
9.68,1.32,Male,No,Sun,Dinner,2,4.84,Christopher Spears,4387671121369212,Sun3279
30.4,5.6,Male,No,Sun,Dinner,4,7.6,Todd Cooper,503846761263,Sun2274
18.29,3.0,Male,No,Sun,Dinner,2,9.14,Richard Fitzgerald,375156610762053,Sun8643
22.23,5.0,Male,No,Sun,Dinner,2,11.12,Joshua Gilmore,4292072734899,Sun7097
32.4,6.0,Male,No,Sun,Dinner,4,8.1,James Barnes,3552002592874186,Sun9677
28.55,2.05,Male,No,Sun,Dinner,3,9.52,Austin Fisher,6011481668986587,Sun4142
18.04,3.0,Male,No,Sun,Dinner,2,9.02,William Roth,6573923967142503,Sun9774
12.54,2.5,Male,No,Sun,Dinner,2,6.27,Jeremiah Neal,2225400829691416,Sun2021
10.29,2.6,Female,No,Sun,Dinner,2,5.14,Jessica Ibarra,4999759463713,Sun4474
34.81,5.2,Female,No,Sun,Dinner,4,8.7,Emily Daniel,4291280793094374,Sun6165
9.94,1.56,Male,No,Sun,Dinner,2,4.97,Curtis Morgan,4628628020417301,Sun4561
25.56,4.34,Male,No,Sun,Dinner,4,6.39,Ronald Owens,6569607991983380,Sun9470
19.49,3.51,Male,No,Sun,Dinner,2,9.74,Michael Hamilton,6502227786581768,Sun1118
38.01,3.0,Male,Yes,Sat,Dinner,4,9.5,James Christensen DDS,349793629453226,Sat8903
26.41,1.5,Female,No,Sat,Dinner,2,13.2,Melody Simon,4745394421258160,Sat8980
11.24,1.76,Male,Yes,Sat,Dinner,2,5.62,Troy Guerrero,3560782621035582,Sat6683
48.27,6.73,Male,No,Sat,Dinner,4,12.07,Brian Ortiz,6596453823950595,Sat8139
20.29,3.21,Male,Yes,Sat,Dinner,2,10.14,Anthony Mclean,347614304015027,Sat2353
13.81,2.0,Male,Yes,Sat,Dinner,2,6.9,Ryan Hernandez,4766834726806,Sat3030
11.02,1.98,Male,Yes,Sat,Dinner,2,5.51,Joseph Hart,180046232326178,Sat2265
18.29,3.76,Male,Yes,Sat,Dinner,4,4.57,Chad Hart,580171498976,Sat4178
17.59,2.64,Male,No,Sat,Dinner,3,5.86,Michael Johnson,2222114458088108,Sat1667
20.08,3.15,Male,No,Sat,Dinner,3,6.69,Justin Dixon,180021262464926,Sat6840
16.45,2.47,Female,No,Sat,Dinner,2,8.22,Rachel Vaughn,3569262692675583,Sat4750
3.07,1.0,Female,Yes,Sat,Dinner,1,3.07,Tiffany Brock,4359488526995267,Sat3455
20.23,2.01,Male,No,Sat,Dinner,2,10.12,Mr. Travis Bailey Jr.,60406789937,Sat561
15.01,2.09,Male,Yes,Sat,Dinner,2,7.5,Adam Hall,4700924377057571,Sat855
12.02,1.97,Male,No,Sat,Dinner,2,6.01,Max Brown,213139760497718,Sat2100
17.07,3.0,Female,No,Sat,Dinner,3,5.69,Teresa Fisher,5442222963796367,Sat3469
26.86,3.14,Female,Yes,Sat,Dinner,2,13.43,Victoria Obrien MD,4216245673726,Sat1967
25.28,5.0,Female,Yes,Sat,Dinner,2,12.64,Julie Holmes,5418689346409571,Sat6065
14.73,2.2,Female,No,Sat,Dinner,2,7.36,Ashley Harris,501828723483,Sat6548
10.51,1.25,Male,No,Sat,Dinner,2,5.26,Kenneth Hayes,213142079731108,Sat5056
17.92,3.08,Male,Yes,Sat,Dinner,2,8.96,Mark Smith,676188485350,Sat9908
27.2,4.0,Male,No,Thur,Lunch,4,6.8,John Davis,30344778738589,Thur4924
22.76,3.0,Male,No,Thur,Lunch,2,11.38,Chris Hahn,3591887177014031,Thur2863
17.29,2.71,Male,No,Thur,Lunch,2,8.64,Brian Diaz,4759290988169738,Thur9501
19.44,3.0,Male,Yes,Thur,Lunch,2,9.72,Louis Torres,38848369968464,Thur6453
16.66,3.4,Male,No,Thur,Lunch,2,8.33,William Martin,4550549048402707,Thur8232
10.07,1.83,Female,No,Thur,Lunch,1,10.07,Julie Moody,630413282843,Thur4909
32.68,5.0,Male,Yes,Thur,Lunch,2,16.34,Daniel Murphy,5356177501009133,Thur8801
15.98,2.03,Male,No,Thur,Lunch,2,7.99,Jason Jones,4442984204923315,Thur1944
34.83,5.17,Female,No,Thur,Lunch,4,8.71,Shawna Cook,6011787464177340,Thur7972
13.03,2.0,Male,No,Thur,Lunch,2,6.52,Derek Thomas,213161022097557,Thur6793
18.28,4.0,Male,No,Thur,Lunch,2,9.14,Donald Williams,5363745772301404,Thur3636
24.71,5.85,Male,No,Thur,Lunch,2,12.36,Roger Taylor,4410248629955,Thur9003
21.16,3.0,Male,No,Thur,Lunch,2,10.58,Keith Lewis,4356005144080422,Thur6273
28.97,3.0,Male,Yes,Fri,Dinner,2,14.48,Daniel Mason,3597456900644078,Fri4175
22.49,3.5,Male,No,Fri,Dinner,2,11.24,Earl Horn,6011849326227398,Fri5700
5.75,1.0,Female,Yes,Fri,Dinner,2,2.88,Leah Ramirez,3508911676966392,Fri3780
16.32,4.3,Female,Yes,Fri,Dinner,2,8.16,Natalie Nguyen,5181236182893396,Fri6963
22.75,3.25,Female,No,Fri,Dinner,2,11.38,Jamie Garza,676318332068,Fri2318
40.17,4.73,Male,Yes,Fri,Dinner,4,10.04,Aaron Bentley,180026611638690,Fri9628
27.28,4.0,Male,Yes,Fri,Dinner,2,13.64,Eric Carter,4563054452787961,Fri3159
12.03,1.5,Male,Yes,Fri,Dinner,2,6.02,Eric Herrera,580116092652,Fri9268
21.01,3.0,Male,Yes,Fri,Dinner,2,10.5,Michael Li,4831801127457917,Fri144
12.46,1.5,Male,No,Fri,Dinner,2,6.23,Edward Carter,347435564751626,Fri5575
11.35,2.5,Female,Yes,Fri,Dinner,2,5.68,Lori Lynch,38558279384492,Fri4106
15.38,3.0,Female,Yes,Fri,Dinner,2,7.69,Tiffany Colon,6011012799432041,Fri8382
44.3,2.5,Female,Yes,Sat,Dinner,3,14.77,Heather Cohen,379771118886604,Sat6240
22.42,3.48,Female,Yes,Sat,Dinner,2,11.21,Kathleen Hawkins,348009865484721,Sat1015
20.92,4.08,Female,No,Sat,Dinner,2,10.46,Gabrielle Frederick,4013010878990106,Sat3194
15.36,1.64,Male,Yes,Sat,Dinner,2,7.68,David Price,4029957452720,Sat5106
20.49,4.06,Male,Yes,Sat,Dinner,2,10.24,Karl Mcdaniel,180024452771522,Sat7865
25.21,4.29,Male,Yes,Sat,Dinner,2,12.6,Jason Mullen,4738781782868,Sat5196
18.24,3.76,Male,No,Sat,Dinner,2,9.12,Steven Grant,4112810433473856,Sat6376
14.31,4.0,Female,Yes,Sat,Dinner,2,7.16,Amanda Anderson,375638820334211,Sat2614
14.0,3.0,Male,No,Sat,Dinner,2,7.0,James Sanchez,345243048851323,Sat6801
7.25,1.0,Female,No,Sat,Dinner,1,7.25,Terri Jones,3559221007826887,Sat4801
38.07,4.0,Male,No,Sun,Dinner,3,12.69,Jeff Lopez,3572865915176463,Sun591
23.95,2.55,Male,No,Sun,Dinner,2,11.98,John Joyce,6565964211060570,Sun1885
25.71,4.0,Female,No,Sun,Dinner,3,8.57,Katie Smith,5400160161311292,Sun6492
17.31,3.5,Female,No,Sun,Dinner,2,8.65,Kayla Stone,379494319310858,Sun8746
29.93,5.07,Male,No,Sun,Dinner,4,7.48,Shawn Blake,4689079711213722,Sun22
10.65,1.5,Female,No,Thur,Lunch,2,5.32,Linda Zhang,3560509622598239,Thur9593
12.43,1.8,Female,No,Thur,Lunch,2,6.22,Dr. Caroline Tucker,502047186908,Thur8084
24.08,2.92,Female,No,Thur,Lunch,4,6.02,Melanie Jordan,676212062720,Thur8063
11.69,2.31,Male,No,Thur,Lunch,2,5.84,Kenneth Goodman,4891259691010,Thur8289
13.42,1.68,Female,No,Thur,Lunch,2,6.71,Laura Garcia,5181484390945653,Thur2158
14.26,2.5,Male,No,Thur,Lunch,2,7.13,Perry Garcia,180034646320219,Thur3579
15.95,2.0,Male,No,Thur,Lunch,2,7.98,Christopher Lang,4820629318698319,Thur1992
12.48,2.52,Female,No,Thur,Lunch,2,6.24,Jordan Diaz,4472778228206399,Thur208
29.8,4.2,Female,No,Thur,Lunch,6,4.97,Angela Sanchez,503857080488,Thur3948
8.52,1.48,Male,No,Thur,Lunch,2,4.26,Mario Bradshaw,4524404353861811,Thur6719
14.52,2.0,Female,No,Thur,Lunch,2,7.26,Jessica Simmons,213102478792200,Thur1512
11.38,2.0,Female,No,Thur,Lunch,2,5.69,Christine Perkins,3548391118913991,Thur8551
22.82,2.18,Male,No,Thur,Lunch,3,7.61,Raymond Torres,4855776744024,Thur9424
19.08,1.5,Male,No,Thur,Lunch,2,9.54,Seth Sexton,213113680829581,Thur1446
20.27,2.83,Female,No,Thur,Lunch,2,10.14,Ashley Burke,5394652998970066,Thur9005
11.17,1.5,Female,No,Thur,Lunch,2,5.58,Taylor Gonzalez,6011990685390011,Thur7783
12.26,2.0,Female,No,Thur,Lunch,2,6.13,Kaitlin Wolf,676348318145,Thur1561
18.26,3.25,Female,No,Thur,Lunch,2,9.13,Karen Rodriguez,4952604748911,Thur75
8.51,1.25,Female,No,Thur,Lunch,2,4.26,Rebecca Harris,4320272020376174,Thur6600
10.33,2.0,Female,No,Thur,Lunch,2,5.16,Donna Kelly,180048553626376,Thur1393
14.15,2.0,Female,No,Thur,Lunch,2,7.08,Vanessa Morris,213189344156819,Thur3890
16.0,2.0,Male,Yes,Thur,Lunch,2,8.0,Jason Burgess,3561461821942363,Thur2710
13.16,2.75,Female,No,Thur,Lunch,2,6.58,Lindsey Meyer,676239597203,Thur6245
17.47,3.5,Female,No,Thur,Lunch,2,8.74,Kayla Rios,5233918213804470,Thur3906
34.3,6.7,Male,No,Thur,Lunch,6,5.72,Steven Carlson,3526515703718508,Thur1025
41.19,5.0,Male,No,Thur,Lunch,5,8.24,Eric Andrews,4356531761046453,Thur3621
27.05,5.0,Female,No,Thur,Lunch,6,4.51,Regina Jones,4311048695487,Thur6179
16.43,2.3,Female,No,Thur,Lunch,2,8.22,Linda Jones,6542729219645658,Thur9002
8.35,1.5,Female,No,Thur,Lunch,2,4.18,Amy Young,4285454264477,Thur9331
18.64,1.36,Female,No,Thur,Lunch,3,6.21,Kelly Estrada,60463302327,Thur3941
11.87,1.63,Female,No,Thur,Lunch,2,5.94,Annette Cunningham,675937746864,Thur4780
9.78,1.73,Male,No,Thur,Lunch,2,4.89,David Stewart,3578014604116399,Thur7276
7.51,2.0,Male,No,Thur,Lunch,2,3.76,Daniel Robbins,4823139288341889,Thur6321
14.07,2.5,Male,No,Sun,Dinner,2,7.04,Luke Rice,4813617017359506,Sun8863
13.13,2.0,Male,No,Sun,Dinner,2,6.56,Jason Arnold,3571825125296106,Sun2127
17.26,2.74,Male,No,Sun,Dinner,3,5.75,Gregory Smith,4292362333741,Sun5205
24.55,2.0,Male,No,Sun,Dinner,4,6.14,Todd Patterson,4416804908942159,Sun8670
19.77,2.0,Male,No,Sun,Dinner,4,4.94,James Smith,213169731428229,Sun5814
29.85,5.14,Female,No,Sun,Dinner,5,5.97,Madison Wilson,4210875236164664,Sun9176
48.17,5.0,Male,No,Sun,Dinner,6,8.03,Ryan Gonzales,3523151482063321,Sun7518
25.0,3.75,Female,No,Sun,Dinner,4,6.25,Laura Robles,213158685144262,Sun7015
13.39,2.61,Female,No,Sun,Dinner,2,6.7,Ashley Boyd,3571088058115021,Sun982
16.49,2.0,Male,No,Sun,Dinner,4,4.12,Christopher Soto,30501814271434,Sun1781
21.5,3.5,Male,No,Sun,Dinner,4,5.38,Travis Gonzalez,3527668419764685,Sun245
12.66,2.5,Male,No,Sun,Dinner,2,6.33,Brandon Oconnor,4406882156920533,Sun5879
16.21,2.0,Female,No,Sun,Dinner,3,5.4,Jennifer Baird,4227834176859693,Sun5521
13.81,2.0,Male,No,Sun,Dinner,2,6.9,Charles Newton,5552793481414044,Sun8594
17.51,3.0,Female,Yes,Sun,Dinner,2,8.76,Audrey Griffin,3500853929693258,Sun444
24.52,3.48,Male,No,Sun,Dinner,3,8.17,Jacob Hansen,4031116007387,Sun9043
20.76,2.24,Male,No,Sun,Dinner,2,10.38,Gordon Lane,4110599849536479,Sun6738
31.71,4.5,Male,No,Sun,Dinner,4,7.93,Michael Lawson,3566285921227119,Sun3719
10.59,1.61,Female,Yes,Sat,Dinner,2,5.3,Sara Jimenez,502053147208,Sat9795
10.63,2.0,Female,Yes,Sat,Dinner,2,5.32,Amy Hill,3536332481454019,Sat1788
50.81,10.0,Male,Yes,Sat,Dinner,3,16.94,Gregory Clark,5473850968388236,Sat1954
15.81,3.16,Male,Yes,Sat,Dinner,2,7.9,David Hall,502004138207,Sat6750
7.25,5.15,Male,Yes,Sun,Dinner,2,3.62,Larry White,30432617123103,Sun9209
31.85,3.18,Male,Yes,Sun,Dinner,2,15.92,Scott Perez,3577115550328507,Sun9335
16.82,4.0,Male,Yes,Sun,Dinner,2,8.41,Brian Miles,3586342145399277,Sun7621
32.9,3.11,Male,Yes,Sun,Dinner,2,16.45,Nathan Reynolds,370307040837149,Sun5109
17.89,2.0,Male,Yes,Sun,Dinner,2,8.94,Walter Simmons,6011481578696110,Sun5961
14.48,2.0,Male,Yes,Sun,Dinner,2,7.24,John Dudley,4565183162071073,Sun6203
9.6,4.0,Female,Yes,Sun,Dinner,2,4.8,Melanie Gray,4211808859168,Sun4598
34.63,3.55,Male,Yes,Sun,Dinner,2,17.32,Brian Bailey,346656312114848,Sun9851
34.65,3.68,Male,Yes,Sun,Dinner,4,8.66,James Hebert DDS,676168737648,Sun7544
23.33,5.65,Male,Yes,Sun,Dinner,2,11.66,Jason Cox,6556931703586223,Sun3402
45.35,3.5,Male,Yes,Sun,Dinner,3,15.12,Jose Parsons,4112207559459910,Sun2337
23.17,6.5,Male,Yes,Sun,Dinner,4,5.79,Dr. Michael James,4718501859162,Sun6059
40.55,3.0,Male,Yes,Sun,Dinner,2,20.27,Stephen Cox,3547798222044029,Sun5140
20.69,5.0,Male,No,Sun,Dinner,5,4.14,Joseph Howell,30362407455623,Sun5842
20.9,3.5,Female,Yes,Sun,Dinner,3,6.97,Heidi Atkinson,4422858423131187,Sun4254
30.46,2.0,Male,Yes,Sun,Dinner,5,6.09,David Barrett,4792882899700988,Sun9987
18.15,3.5,Female,Yes,Sun,Dinner,3,6.05,Glenda Wiggins,578329325307,Sun430
23.1,4.0,Male,Yes,Sun,Dinner,3,7.7,Richard Stevens,3560193117506187,Sun1821
15.69,1.5,Male,Yes,Sun,Dinner,2,7.84,Riley Barnes,180053549128800,Sun5104
19.81,4.19,Female,Yes,Thur,Lunch,2,9.9,Kristy Boyd,4317015327600068,Thur967
28.44,2.56,Male,Yes,Thur,Lunch,2,14.22,Dr. Jeffrey Rich,4737538358295,Thur4334
15.48,2.02,Male,Yes,Thur,Lunch,2,7.74,Raymond Sullivan,180068856139315,Thur606
16.58,4.0,Male,Yes,Thur,Lunch,2,8.29,Benjamin Weber,676210011505,Thur9318
7.56,1.44,Male,No,Thur,Lunch,2,3.78,Michael White,4865390263095532,Thur697
10.34,2.0,Male,Yes,Thur,Lunch,2,5.17,Eric Martin,30442491190342,Thur9862
43.11,5.0,Female,Yes,Thur,Lunch,4,10.78,Brooke Soto,5544902205760175,Thur9313
13.0,2.0,Female,Yes,Thur,Lunch,2,6.5,Katherine Bond,4926725945192,Thur437
13.51,2.0,Male,Yes,Thur,Lunch,2,6.76,Joseph Murphy MD,6547218923471275,Thur2428
18.71,4.0,Male,Yes,Thur,Lunch,3,6.24,Jason Conrad,4581233003487,Thur6048
12.74,2.01,Female,Yes,Thur,Lunch,2,6.37,Abigail Parks,3586645396220590,Thur2544
13.0,2.0,Female,Yes,Thur,Lunch,2,6.5,Ashley Shaw,180088043008041,Thur1301
16.4,2.5,Female,Yes,Thur,Lunch,2,8.2,Toni Brooks,3582289985920239,Thur7770
20.53,4.0,Male,Yes,Thur,Lunch,4,5.13,Scott Kim,3570611756827620,Thur2160
16.47,3.23,Female,Yes,Thur,Lunch,3,5.49,Carly Reyes,4787787236486,Thur8084
26.59,3.41,Male,Yes,Sat,Dinner,3,8.86,Daniel Owens,38971087967574,Sat1
38.73,3.0,Male,Yes,Sat,Dinner,4,9.68,Ricky Ramirez,347817964484033,Sat4505
24.27,2.03,Male,Yes,Sat,Dinner,2,12.14,Jason Carter,4268942915626180,Sat6048
12.76,2.23,Female,Yes,Sat,Dinner,2,6.38,Sarah Cunningham,341876516331163,Sat1274
30.06,2.0,Male,Yes,Sat,Dinner,3,10.02,Shawn Mendoza,30184049218122,Sat8361
25.89,5.16,Male,Yes,Sat,Dinner,4,6.47,Christopher Li,6011962464150569,Sat6735
48.33,9.0,Male,No,Sat,Dinner,4,12.08,Alex Williamson,676218815212,Sat4590
13.27,2.5,Female,Yes,Sat,Dinner,2,6.64,Robin Andersen,580140531089,Sat1374
28.17,6.5,Female,Yes,Sat,Dinner,3,9.39,Marissa Jackson,4922302538691962,Sat3374
12.9,1.1,Female,Yes,Sat,Dinner,2,6.45,Jessica Owen,4726904879471,Sat6983
28.15,3.0,Male,Yes,Sat,Dinner,5,5.63,Shawn Barnett PhD,4590982568244,Sat7320
11.59,1.5,Male,Yes,Sat,Dinner,2,5.8,Gary Orr,30324521283406,Sat8489
7.74,1.44,Male,Yes,Sat,Dinner,2,3.87,Nicholas Archer,340517153733524,Sat4772
30.14,3.09,Female,Yes,Sat,Dinner,4,7.54,Shelby House,502097403252,Sat8863
12.16,2.2,Male,Yes,Fri,Lunch,2,6.08,Ricky Johnson,213109508670736,Fri4607
13.42,3.48,Female,Yes,Fri,Lunch,2,6.71,Leslie Kaufman,379437981958785,Fri7511
8.58,1.92,Male,Yes,Fri,Lunch,1,8.58,Jason Lawrence,3505302934650403,Fri6624
15.98,3.0,Female,No,Fri,Lunch,3,5.33,Mary Rivera,5343428579353069,Fri6014
13.42,1.58,Male,Yes,Fri,Lunch,2,6.71,Ronald Vaughn DVM,341503466406403,Fri5959
16.27,2.5,Female,Yes,Fri,Lunch,2,8.14,Whitney Arnold,3579111947217428,Fri6665
10.09,2.0,Female,Yes,Fri,Lunch,2,5.04,Ruth Weiss,5268689490381635,Fri6359
20.45,3.0,Male,No,Sat,Dinner,4,5.11,Robert Bradley,213141668145910,Sat4319
13.28,2.72,Male,No,Sat,Dinner,2,6.64,Glenn Jones,502061651712,Sat2937
22.12,2.88,Female,Yes,Sat,Dinner,2,11.06,Jennifer Russell,4793003293608,Sat3943
24.01,2.0,Male,Yes,Sat,Dinner,4,6.0,Michael Osborne,4258682154026,Sat7872
15.69,3.0,Male,Yes,Sat,Dinner,3,5.23,Jason Parks,4812333796161,Sat6334
11.61,3.39,Male,No,Sat,Dinner,2,5.8,James Taylor,6011482917327995,Sat2124
10.77,1.47,Male,No,Sat,Dinner,2,5.38,Paul Novak,6011698897610858,Sat1467
15.53,3.0,Male,Yes,Sat,Dinner,2,7.76,Tracy Douglas,4097938155941930,Sat7220
10.07,1.25,Male,No,Sat,Dinner,2,5.04,Sean Gonzalez,3534021246117605,Sat4615
12.6,1.0,Male,Yes,Sat,Dinner,2,6.3,Matthew Myers,3543676378973965,Sat5032
32.83,1.17,Male,Yes,Sat,Dinner,2,16.42,Thomas Brown,4284722681265508,Sat2929
35.83,4.67,Female,No,Sat,Dinner,3,11.94,Kimberly Crane,676184013727,Sat9777
29.03,5.92,Male,No,Sat,Dinner,3,9.68,Michael Avila,5296068606052842,Sat2657
27.18,2.0,Female,Yes,Sat,Dinner,2,13.59,Monica Sanders,3506806155565404,Sat1766
22.67,2.0,Male,Yes,Sat,Dinner,2,11.34,Keith Wong,6011891618747196,Sat3880
17.82,1.75,Male,No,Sat,Dinner,2,8.91,Dennis Dixon,4375220550950,Sat17
18.78,3.0,Female,No,Thur,Dinner,2,9.39,Michelle Hardin,3511451626698139,Thur672
